type_cible,id_cible,rank_initial,pagerank_initial,type_attaque,nb_attaquants,pagerank_apres,augmentation,ratio,iterations
forte,7,1,0.104366443985236,complet,1,0.104624552038206,0.000258108052969,1.002473,118
forte,7,1,0.104366443985236,complet,2,0.104760198247977,0.000393754262740,1.003773,118
forte,7,1,0.104366443985236,complet,5,0.104779143664362,0.000412699679125,1.003954,118
forte,7,1,0.104366443985236,complet,10,0.104269801808832,-0.000096642176405,0.999074,118
forte,7,1,0.104366443985236,complet,20,0.102686801319711,-0.001679642665525,0.983906,118
forte,7,1,0.104366443985236,complet,50,0.097422718032507,-0.006943725952730,0.933468,123
forte,7,1,0.104366443985236,complet,100,0.089429224651321,-0.014937219333915,0.856877,128
forte,7,1,0.104366443985236,complet,200,0.076711651501430,-0.027654792483806,0.735022,131
forte,7,1,0.104366443985236,anneau,1,0.109091915493996,0.004725471508760,1.045278,118
forte,7,1,0.104366443985236,anneau,2,0.107432981139164,0.003066537153927,1.029382,118
forte,7,1,0.104366443985236,anneau,5,0.103824564916630,-0.000541879068606,0.994808,118
forte,7,1,0.104366443985236,anneau,10,0.100373011012893,-0.003993432972343,0.961736,118
forte,7,1,0.104366443985236,anneau,20,0.096989302149949,-0.007377141835287,0.929315,118
forte,7,1,0.104366443985236,anneau,50,0.091372665090503,-0.012993778894734,0.875498,128
forte,7,1,0.104366443985236,anneau,100,0.083755987777144,-0.020610456208093,0.802518,140
forte,7,1,0.104366443985236,anneau,200,0.071790846085785,-0.032575597899452,0.687873,152
forte,7,1,0.104366443985236,isoles,1,0.104624552038206,0.000258108052969,1.002473,118
forte,7,1,0.104366443985236,isoles,2,0.104881631772239,0.000515187787003,1.004936,118
forte,7,1,0.104366443985236,isoles,5,0.105646762148976,0.001280318163740,1.012268,118
forte,7,1,0.104366443985236,isoles,10,0.106901976034995,0.002535532049759,1.024295,118
forte,7,1,0.104366443985236,isoles,20,0.109339987621302,0.004973543636065,1.047655,118
forte,7,1,0.104366443985236,isoles,50,0.116122092579572,0.011755648594336,1.112638,118
forte,7,1,0.104366443985236,isoles,100,0.125918466408178,0.021552022422941,1.206503,117
forte,7,1,0.104366443985236,isoles,200,0.141312768138852,0.036946324153616,1.354006,116
moyenne,14,251,0.000647217385853,complet,1,0.000900982441212,0.000253765055359,1.392086,118
moyenne,14,251,0.000647217385853,complet,2,0.001087332439125,0.000440115053273,1.680011,118
moyenne,14,251,0.000647217385853,complet,5,0.001431548835751,0.000784331449898,2.211852,118
moyenne,14,251,0.000647217385853,complet,10,0.001700722177376,0.001053504791524,2.627745,118
moyenne,14,251,0.000647217385853,complet,20,0.001898882952145,0.001251665566292,2.933918,118
moyenne,14,251,0.000647217385853,complet,50,0.001979598931324,0.001332381545471,3.058631,124
moyenne,14,251,0.000647217385853,complet,100,0.001883023006851,0.001235805620998,2.909414,129
moyenne,14,251,0.000647217385853,complet,200,0.001645752729854,0.000998535344002,2.542813,131
moyenne,14,251,0.000647217385853,anneau,1,0.001186483074664,0.000539265688811,1.833206,118
moyenne,14,251,0.000647217385853,anneau,2,0.001402193886322,0.000754976500470,2.166496,118
moyenne,14,251,0.000647217385853,anneau,5,0.001805358884376,0.001158141498523,2.789417,118
moyenne,14,251,0.000647217385853,anneau,10,0.002091416629805,0.001444199243952,3.231397,118
moyenne,14,251,0.000647217385853,anneau,20,0.002219863820070,0.001572646434217,3.429858,118
moyenne,14,251,0.000647217385853,anneau,50,0.002135408940008,0.001488191554155,3.299369,125
moyenne,14,251,0.000647217385853,anneau,100,0.001957713462139,0.001310496076286,3.024816,129
moyenne,14,251,0.000647217385853,anneau,200,0.001678040175132,0.001030822789279,2.592699,135
moyenne,14,251,0.000647217385853,isoles,1,0.000900982441212,0.000253765055359,1.392086,118
moyenne,14,251,0.000647217385853,isoles,2,0.001153736480414,0.000506519094562,1.782610,118
moyenne,14,251,0.000647217385853,isoles,5,0.001905992561447,0.001258775175594,2.944903,118
moyenne,14,251,0.000647217385853,isoles,10,0.003140085870853,0.002492868485000,4.851671,118
moyenne,14,251,0.000647217385853,isoles,20,0.005537074798738,0.004889857412886,8.555201,118
moyenne,14,251,0.000647217385853,isoles,50,0.012205062179946,0.011557844794093,18.857748,118
moyenne,14,251,0.000647217385853,isoles,100,0.021836599508357,0.021189382122504,33.739204,117
moyenne,14,251,0.000647217385853,isoles,200,0.036971872453003,0.036324655067150,57.124350,116
faible,494,500,0.000300000000000,complet,1,0.000553892215569,0.000253892215569,1.846307,118
faible,494,500,0.000300000000000,complet,2,0.000740516196085,0.000440516196085,2.468387,118
faible,494,500,0.000300000000000,complet,5,0.001086014851485,0.000786014851485,3.620050,118
faible,494,500,0.000300000000000,complet,10,0.001357947434293,0.001057947434293,4.526491,118
faible,494,500,0.000300000000000,complet,20,0.001562187812193,0.001262187812193,5.207293,118
faible,494,500,0.000300000000000,complet,50,0.001660860098019,0.001360860098019,5.536200,123
faible,494,500,0.000300000000000,complet,100,0.001590694006332,0.001290694006332,5.302313,128
faible,494,500,0.000300000000000,complet,200,0.001395114609875,0.001095114609875,4.650382,131
faible,494,500,0.000300000000000,anneau,1,0.000867150239638,0.000567150239638,2.890501,118
faible,494,500,0.000300000000000,anneau,2,0.001109299610434,0.000809299610434,3.697665,118
faible,494,500,0.000300000000000,anneau,5,0.001520001143256,0.001220001143256,5.066670,118
faible,494,500,0.000300000000000,anneau,10,0.001781741508192,0.001481741508192,5.939138,118
faible,494,500,0.000300000000000,anneau,20,0.001890867887180,0.001590867887180,6.302893,119
faible,494,500,0.000300000000000,anneau,50,0.001817953244032,0.001517953244032,6.059844,125
faible,494,500,0.000300000000000,anneau,100,0.001666666604704,0.001366666604704,5.555555,128
faible,494,500,0.000300000000000,anneau,200,0.001428571428571,0.001128571428571,4.761905,131
faible,494,500,0.000300000000000,isoles,1,0.000553892215569,0.000253892215569,1.846307,118
faible,494,500,0.000300000000000,isoles,2,0.000806772908367,0.000506772908367,2.689243,118
faible,494,500,0.000300000000000,isoles,5,0.001559405940594,0.001259405940594,5.198020,118
faible,494,500,0.000300000000000,isoles,10,0.002794117647059,0.002494117647059,9.313725,118
faible,494,500,0.000300000000000,isoles,20,0.005192307692308,0.004892307692308,17.307692,118
faible,494,500,0.000300000000000,isoles,50,0.011863636363636,0.011563636363636,39.545455,118
faible,494,500,0.000300000000000,isoles,100,0.021500000000000,0.021200000000000,71.666667,117
faible,494,500,0.000300000000000,isoles,200,0.036642857142857,0.036342857142857,122.142857,116
