k,fort_isoles,fort_complet,fort_anneau,med_isoles,med_complet,med_anneau,faible_isoles,faible_complet,faible_anneau,fort_gain_isoles,fort_gain_complet,fort_gain_anneau,med_gain_isoles,med_gain_complet,med_gain_anneau,faible_gain_isoles,faible_gain_complet,faible_gain_anneau
1,0.0031037464,0.0031037464,0.0040501873,0.0008998478,0.0008998478,0.0011849892,0.0005538922,0.0005538922,0.0008671502,1.094707,1.094707,1.428521,1.392779,1.392779,1.834119,1.846307,1.846307,2.890501
2,0.0033711923,0.0032998110,0.0041355911,0.0011526035,0.0010861996,0.0014007704,0.0008067729,0.0007405162,0.0011092996,1.189036,1.163860,1.458644,1.783992,1.681213,2.168103,2.689243,2.468387,3.697665
3,0.0036375748,0.0034485164,0.0041998518,0.0014043543,0.0012284789,0.0015680382,0.0010586481,0.0008831626,0.0012859134,1.282991,1.216309,1.481309,2.173650,1.901432,2.426999,3.528827,2.943875,4.286378
4,0.0039029002,0.0035645716,0.0042486630,0.0016551060,0.0013403690,0.0016995510,0.0013095238,0.0009954844,0.0014184459,1.376572,1.257242,1.498525,2.561762,2.074614,2.630554,4.365079,3.318281,4.728153
5,0.0041671748,0.0036571697,0.0042858936,0.0019048647,0.0014304220,0.0018040716,0.0015594059,0.0010860149,0.0015200050,1.469783,1.289902,1.511656,2.948337,2.213998,2.792330,5.198020,3.620050,5.066683
6,0.0044304048,0.0037323517,0.0043142635,0.0021536362,0.0015042579,0.0018878156,0.0018083004,0.0011603615,0.0015990474,1.562626,1.316419,1.521662,3.333384,2.328281,2.921949,6.027668,3.867872,5.330158
7,0.0046925965,0.0037942510,0.0043357410,0.0024014263,0.0015657219,0.0019553133,0.0020562130,0.0012223610,0.0016612847,1.655102,1.338251,1.529237,3.716912,2.423414,3.026421,6.854043,4.074537,5.537616
8,0.0049537559,0.0038457912,0.0043517791,0.0026482409,0.0016175339,0.0020099357,0.0023031496,0.0012747272,0.0017106812,1.747214,1.356430,1.534894,4.098930,2.503608,3.110965,7.677165,4.249091,5.702271
9,0.0052138892,0.0038890985,0.0043634875,0.0028940857,0.0016616717,0.0020542550,0.0025491159,0.0013194337,0.0017501477,1.838965,1.371704,1.539024,4.479447,2.571925,3.179563,8.497053,4.398112,5.833826
10,0.0054730023,0.0039257559,0.0043717068,0.0031389663,0.0016996085,0.0020902382,0.0027941176,0.0013579501,0.0017817503,1.930355,1.384634,1.541923,4.858472,2.630643,3.235257,9.313725,4.526500,5.939168
11,0.0057311012,0.0039569667,0.0043770842,0.0033828886,0.0017324634,0.0021194595,0.0030381605,0.0013913934,0.0018071648,2.021388,1.395642,1.543819,5.236013,2.681496,3.280486,10.127202,4.637978,6.023883
12,0.0059881920,0.0039836615,0.0043801757,0.0036258580,0.0017611023,0.0021431001,0.0032812500,0.0014206276,0.0018274840,2.112065,1.405057,1.544910,5.612080,2.725823,3.317076,10.937500,4.735425,6.091613
13,0.0062442805,0.0040065715,0.0043813548,0.0038678802,0.0017862056,0.0021621711,0.0035233918,0.0014463313,0.0018437409,2.202389,1.413138,1.545326,5.986680,2.764678,3.346594,11.744639,4.821104,6.145803
14,0.0064993725,0.0040262792,0.0043809673,0.0041089606,0.0018083152,0.0021774614,0.0037645914,0.0014690454,0.0018566768,2.292361,1.420089,1.545189,6.359823,2.798899,3.370261,12.548638,4.896818,6.188923
15,0.0067534739,0.0040432541,0.0043792834,0.0043491049,0.0018278680,0.0021896071,0.0040048544,0.0014892058,0.0018668835,2.381984,1.426076,1.544595,6.731516,2.829162,3.389060,13.349515,4.964019,6.222945
16,0.0070065903,0.0040578793,0.0043765968,0.0045883183,0.0018452177,0.0021991827,0.0042441860,0.0015071656,0.0018748982,2.471259,1.431234,1.543647,7.101769,2.856016,3.403881,14.147287,5.023885,6.249661
17,0.0072587276,0.0040704700,0.0043729681,0.0048266063,0.0018606627,0.0022065257,0.0044825919,0.0015232223,0.0018809619,2.560189,1.435675,1.542368,7.470590,2.879922,3.415246,14.941973,5.077408,6.269873
18,0.0075098914,0.0040812881,0.0043686041,0.0050639743,0.0018744443,0.0022120490,0.0047200772,0.0015376169,0.0018854835,2.648776,1.439491,1.540828,7.837987,2.901253,3.423795,15.733591,5.125390,6.284945
19,0.0077600874,0.0040905533,0.0043636275,0.0053004276,0.0018867670,0.0022160465,0.0049566474,0.0015505533,0.0018887180,2.737021,1.442758,1.539073,8.203968,2.920326,3.429982,16.522158,5.168511,6.295727
20,0.0080093210,0.0040984507,0.0043581415,0.0055359715,0.0018978031,0.0022187639,0.0051923077,0.0015622034,0.0018908766,2.824927,1.445544,1.537138,8.568541,2.937407,3.434188,17.307692,5.207345,6.302922
21,0.0082575979,0.0041051377,0.0043522321,0.0057706111,0.0019076992,0.0022204069,0.0054270633,0.0015727136,0.0018921345,2.912496,1.447902,1.535054,8.931715,2.952724,3.436731,18.090211,5.242379,6.307115
22,0.0085049235,0.0041107491,0.0043459606,0.0060043518,0.0019165805,0.0022211411,0.0056609195,0.0015822089,0.0018926375,2.999729,1.449882,1.532842,9.293497,2.966471,3.437868,18.869732,5.274030,6.308792
23,0.0087513033,0.0041154006,0.0043394068,0.0062371986,0.0019245549,0.0022211748,0.0058938815,0.0015907969,0.0018925073,3.086628,1.451522,1.530530,9.653896,2.978814,3.437920,19.646272,5.302656,6.308358
24,0.0089967428,0.0041191925,0.0043327137,0.0064691567,0.0019317158,0.0022205658,0.0061259542,0.0015985707,0.0018919868,3.173196,1.452860,1.528170,10.012919,2.989897,3.436977,20.419847,5.328569,6.306623
25,0.0092412472,0.0041222118,0.0043257074,0.0067002311,0.0019381442,0.0022193312,0.0063571429,0.0016056112,0.0018908399,3.259434,1.453925,1.525699,10.370574,2.999847,3.435067,21.190476,5.352037,6.302800
26,0.0094848220,0.0041245347,0.0043185408,0.0069304269,0.0019439110,0.0022176530,0.0065874525,0.0016119892,0.0018893295,3.345344,1.454744,1.523171,10.726870,3.008773,3.432469,21.958175,5.373297,6.297765
27,0.0097274724,0.0041262279,0.0043112429,0.0071597492,0.0019490783,0.0022156007,0.0068168880,0.0016177667,0.0018875127,3.430928,1.455341,1.520597,11.081813,3.016771,3.429292,22.722960,5.392556,6.291709
28,0.0099692036,0.0041273502,0.0043038380,0.0073882027,0.0019537009,0.0022132334,0.0070454545,0.0016229984,0.0018854381,3.516188,1.455737,1.517985,11.435412,3.023926,3.425628,23.484848,5.409995,6.284794
29,0.0102100210,0.0041279535,0.0042963469,0.0076157926,0.0019578273,0.0022106013,0.0072731569,0.0016277326,0.0018831467,3.601125,1.455950,1.515343,11.787675,3.030312,3.421554,24.243856,5.425775,6.277156
30,0.0104499296,0.0041280841,0.0042887872,0.0078425236,0.0019615004,0.0022077468,0.0075000000,0.0016320122,0.0018806734,3.685742,1.455996,1.512677,12.138607,3.035998,3.417136,25.000000,5.440041,6.268911
31,0.0106889346,0.0041277784,0.0042811736,0.0080684006,0.0019647586,0.0022047059,0.0077259887,0.0016358755,0.0018780478,3.770040,1.455888,1.509991,12.488218,3.041041,3.412430,25.753296,5.452918,6.260159
32,0.0109270410,0.0041270823,0.0042735189,0.0082934285,0.0019676361,0.0022015093,0.0079511278,0.0016393567,0.0018752949,3.854022,1.455642,1.507291,12.836515,3.045494,3.407482,26.503759,5.464522,6.250983
33,0.0111642540,0.0041260241,0.0042658337,0.0085176120,0.0019701635,0.0021981828,0.0081754221,0.0016424862,0.0018724359,3.937688,1.455269,1.504581,13.183505,3.049406,3.402333,27.251407,5.474954,6.241453
34,0.0114005786,0.0041246335,0.0042581337,0.0087409559,0.0019723685,0.0021947484,0.0083988764,0.0016452918,0.0018694889,4.021041,1.454779,1.501865,13.529195,3.052819,3.397017,27.996255,5.484306,6.231630
35,0.0116360197,0.0041229369,0.0042504134,0.0089634648,0.0019742758,0.0021912248,0.0086214953,0.0016477981,0.0018664692,4.104082,1.454180,1.499142,13.873593,3.055771,3.391564,28.738318,5.492660,6.221564
36,0.0118705823,0.0041209586,0.0042426858,0.0091851435,0.0019759081,0.0021876277,0.0088432836,0.0016500276,0.0018633897,4.186813,1.453483,1.496416,14.216706,3.058298,3.385996,29.477612,5.500092,6.211299
37,0.0121042713,0.0041187203,0.0042349560,0.0094059965,0.0019772855,0.0021839705,0.0090642458,0.0016520007,0.0018602614,4.269237,1.452693,1.493690,14.558541,3.060430,3.380335,30.214153,5.506669,6.200871
38,0.0123370916,0.0041162418,0.0042272288,0.0096260286,0.0019784266,0.0021802645,0.0092843866,0.0016537309,0.0018570935,4.351354,1.451819,1.490965,14.899105,3.062196,3.374599,30.947955,5.512436,6.190312
39,0.0125690480,0.0041135411,0.0042195076,0.0098452442,0.0019793433,0.0021765195,0.0095037106,0.0016552447,0.0018538940,4.433166,1.450866,1.488241,15.238405,3.063615,3.368803,31.679035,5.517482,6.179647
40,0.0128001453,0.0041106346,0.0042117963,0.0100636478,0.0019800607,0.0021727435,0.0097222222,0.0016565525,0.0018506695,4.514675,1.449841,1.485522,15.576449,3.064725,3.362958,32.407407,5.521842,6.168898
41,0.0130303882,0.0041075372,0.0042040963,0.0102812441,0.0019805879,0.0021689432,0.0099399261,0.0016576684,0.0018474257,4.595883,1.448749,1.482806,15.913243,3.065541,3.357076,33.133087,5.525561,6.158086
42,0.0132597815,0.0041042628,0.0041964109,0.0104980375,0.0019809378,0.0021651244,0.0101568266,0.0016586053,0.0018441673,4.676791,1.447594,1.480095,16.248795,3.066083,3.351166,33.856089,5.528684,6.147224
43,0.0134883300,0.0041008238,0.0041887437,0.0107140323,0.0019811222,0.0021612939,0.0103729282,0.0016593748,0.0018408985,4.757401,1.446381,1.477391,16.583110,3.066368,3.345237,34.576427,5.531249,6.136328
44,0.0137160381,0.0040972319,0.0041810796,0.0109292330,0.0019811518,0.0021574496,0.0105882353,0.0016599877,0.0018376226,4.837715,1.445114,1.474688,16.916196,3.066414,3.339287,35.294118,5.533292,6.125409
45,0.0139429107,0.0040934976,0.0041734654,0.0111436440,0.0019810366,0.0021536030,0.0108027523,0.0016604540,0.0018343426,4.917734,1.443797,1.472002,17.248060,3.066236,3.333333,36.009174,5.534847,6.114475
46,0.0141689522,0.0040896309,0.0041658701,0.0113572697,0.0019807859,0.0021497602,0.0110164835,0.0016607829,0.0018310608,4.997460,1.442433,1.469323,17.578709,3.065848,3.327385,36.721612,5.535943,6.103536
47,0.0143941672,0.0040856406,0.0041582431,0.0115701142,0.0019804080,0.0021459097,0.0112294333,0.0016609829,0.0018277794,5.076894,1.441026,1.466633,17.908148,3.065263,3.321425,37.431444,5.536610,6.092598
48,0.0146185603,0.0040815315,0.0041506981,0.0117821819,0.0019799108,0.0021420593,0.0114416058,0.0016610617,0.0018245000,5.156039,1.439576,1.463972,18.236385,3.064493,3.315465,38.138686,5.536872,6.081667
49,0.0148421359,0.0040773187,0.0041431580,0.0119934771,0.0019793017,0.0021382096,0.0116530055,0.0016610267,0.0018214936,5.234895,1.438091,1.461312,18.563426,3.063550,3.309507,38.843352,5.536756,6.071645
50,0.0150648986,0.0040730057,0.0041356392,0.0122040040,0.0019785872,0.0021344787,0.0118636364,0.0016608845,0.0018181818,5.313465,1.436569,1.458661,18.889278,3.062444,3.303732,39.545455,5.536282,6.060606
51,0.0152868526,0.0040685991,0.0041280830,0.0124137666,0.0019777737,0.0021305205,0.0120735027,0.0016606415,0.0018148820,5.391749,1.435015,1.455995,19.213948,3.061185,3.297606,40.245009,5.535472,6.049607
52,0.0155080025,0.0040641051,0.0041208627,0.0126227693,0.0019768670,0.0021269190,0.0122826087,0.0016603034,0.0018115942,5.469750,1.433430,1.453449,19.537441,3.059782,3.292031,40.942029,5.534345,6.038647
53,0.0157283525,0.0040595294,0.0041134109,0.0128310160,0.0019758725,0.0021230728,0.0124909584,0.0016598756,0.0018083183,5.547468,1.431816,1.450820,19.859764,3.058243,3.286078,41.636528,5.532919,6.027728
54,0.0159479071,0.0040548775,0.0041059859,0.0130385110,0.0019747953,0.0021192406,0.0126985560,0.0016593632,0.0018050542,5.624906,1.430175,1.448202,20.180923,3.056575,3.280147,42.328520,5.531211,6.016847
55,0.0161666704,0.0040501542,0.0040985877,0.0132452583,0.0019736400,0.0021154221,0.0129054054,0.0016587709,0.0018018018,5.702065,1.428510,1.445592,20.500925,3.054787,3.274237,43.018018,5.529236,6.006006
56,0.0163846469,0.0040453644,0.0040912162,0.0134512618,0.0019724110,0.0021116174,0.0131115108,0.0016581032,0.0017985612,5.778946,1.426820,1.442992,20.819776,3.052885,3.268348,43.705036,5.527011,5.995204
57,0.0166018406,0.0040405122,0.0040838711,0.0136565257,0.0019711125,0.0021078263,0.0133168761,0.0016573640,0.0017953321,5.855552,1.425109,1.440402,21.137482,3.050875,3.262480,44.389587,5.524547,5.984440
58,0.0168182559,0.0040356018,0.0040765523,0.0138610538,0.0019697484,0.0021040489,0.0135215054,0.0016565573,0.0017921147,5.931883,1.423377,1.437820,21.454050,3.048764,3.256633,45.071685,5.521858,5.973716
59,0.0170338969,0.0040306370,0.0040692598,0.0140648502,0.0019683222,0.0021002849,0.0137254025,0.0016556867,0.0017889088,6.007940,1.421626,1.435248,21.769484,3.046556,3.250807,45.751342,5.518956,5.963029
60,0.0172487678,0.0040256214,0.0040619932,0.0142679188,0.0019668373,0.0020965344,0.0139285714,0.0016547556,0.0017857143,6.083726,1.419857,1.432685,22.083792,3.044258,3.245002,46.428571,5.515852,5.952381
61,0.0174628726,0.0040205584,0.0040547526,0.0144702634,0.0019652969,0.0020927973,0.0141310160,0.0016537672,0.0017825312,6.159242,1.418071,1.430131,22.396980,3.041874,3.239218,47.103387,5.512557,5.941771
62,0.0176762155,0.0040154510,0.0040475377,0.0146718879,0.0019637040,0.0020890734,0.0143327402,0.0016527244,0.0017793594,6.234489,1.416270,1.427587,22.709053,3.039408,3.233454,47.775801,5.509081,5.931198
63,0.0178888005,0.0040103022,0.0040403485,0.0148727961,0.0019620613,0.0020853628,0.0145337478,0.0016516300,0.0017761989,6.309469,1.414454,1.425051,23.020018,3.036866,3.227711,48.445826,5.505433,5.920663
64,0.0181006317,0.0040051149,0.0040331848,0.0150729919,0.0019603717,0.0020816654,0.0147340426,0.0016504868,0.0017730496,6.384183,1.412624,1.422524,23.329880,3.034251,3.221988,49.113475,5.501623,5.910165
65,0.0183117130,0.0039998915,0.0040260464,0.0152724791,0.0019586374,0.0020779810,0.0149336283,0.0016492971,0.0017699115,6.458632,1.410782,1.420007,23.638644,3.031566,3.216286,49.778761,5.497657,5.899705
66,0.0185220484,0.0039946347,0.0040189332,0.0154712613,0.0019568609,0.0020743097,0.0151325088,0.0016480635,0.0017667845,6.532819,1.408928,1.417498,23.946318,3.028817,3.210603,50.441696,5.493545,5.889282
67,0.0187316420,0.0039893466,0.0040118452,0.0156693424,0.0019550444,0.0020706513,0.0153306878,0.0016467880,0.0017636684,6.606743,1.407062,1.414998,24.252907,3.026005,3.204941,51.102293,5.489293,5.878895
68,0.0189404975,0.0039840296,0.0040047820,0.0158667260,0.0019531900,0.0020670058,0.0155281690,0.0016454728,0.0017605634,6.680408,1.405187,1.412507,24.558416,3.023135,3.199298,51.760563,5.484909,5.868545
69,0.0191486189,0.0039786856,0.0039977438,0.0160634158,0.0019512997,0.0020633731,0.0157249561,0.0016441198,0.0017574692,6.753813,1.403302,1.410024,24.862851,3.020209,3.193675,52.416520,5.480399,5.858231
70,0.0193560100,0.0039733166,0.0039907302,0.0162594155,0.0019493753,0.0020597531,0.0159210526,0.0016427273,0.0017543860,6.826961,1.401409,1.407550,25.166218,3.017231,3.188073,53.070175,5.475758,5.847953
71,0.0195626748,0.0039679245,0.0039837412,0.0164547287,0.0019474186,0.0020561458,0.0161164623,0.0016413044,0.0017513135,6.899853,1.399507,1.405085,25.468523,3.014202,3.182489,53.721541,5.471015,5.837712
72,0.0197686169,0.0039625109,0.0039767766,0.0166493589,0.0019454276,0.0020525512,0.0163111888,0.0016398491,0.0017482517,6.972490,1.397597,1.402629,25.769770,3.011120,3.176925,54.370629,5.466164,5.827506
73,0.0199738402,0.0039570776,0.0039698363,0.0168433098,0.0019434113,0.0020489691,0.0165052356,0.0016383630,0.0017452007,7.044873,1.395681,1.400181,26.069966,3.007999,3.171381,55.017452,5.461210,5.817336
74,0.0201783485,0.0039516260,0.0039629202,0.0170365850,0.0019413674,0.0020453994,0.0166986063,0.0016368476,0.0017421603,7.117004,1.393758,1.397742,26.369116,3.004836,3.165856,55.662021,5.456159,5.807201
75,0.0203821454,0.0039461577,0.0039560282,0.0172291878,0.0019392975,0.0020418422,0.0168913043,0.0016353044,0.0017391304,7.188884,1.391829,1.395311,26.667226,3.001632,3.160350,56.304348,5.451015,5.797101
76,0.0205852347,0.0039406741,0.0039491601,0.0174211220,0.0019372027,0.0020382973,0.0170833333,0.0016337346,0.0017361111,7.260515,1.389895,1.392888,26.964300,2.998390,3.154863,56.944444,5.445782,5.787037
77,0.0207876200,0.0039351764,0.0039423158,0.0176123908,0.0019350845,0.0020347648,0.0172746967,0.0016321396,0.0017331023,7.331897,1.387956,1.390474,27.260345,2.995111,3.149396,57.582322,5.440465,5.777008
78,0.0209893051,0.0039296660,0.0039354952,0.0178029978,0.0019329441,0.0020312444,0.0174653979,0.0016305206,0.0017301038,7.403032,1.386013,1.388069,27.555365,2.991798,3.143947,58.217993,5.435069,5.767013
79,0.0211902935,0.0039241440,0.0039286981,0.0179929464,0.0019307826,0.0020277362,0.0176554404,0.0016288788,0.0017271157,7.473922,1.384065,1.385671,27.849366,2.988453,3.138517,58.851468,5.429596,5.757052
80,0.0213905888,0.0039186116,0.0039219245,0.0181822400,0.0019286011,0.0020242401,0.0178448276,0.0016272153,0.0017241379,7.544567,1.382114,1.383282,28.142354,2.985076,3.133106,59.482759,5.424051,5.747126
81,0.0215901946,0.0039130698,0.0039151742,0.0183708819,0.0019264007,0.0020207561,0.0180335628,0.0016255311,0.0017211704,7.614969,1.380159,1.380901,28.434332,2.981671,3.127713,60.111876,5.418437,5.737235
82,0.0217891145,0.0039075196,0.0039084471,0.0185588757,0.0019241823,0.0020172840,0.0182216495,0.0016238273,0.0017182131,7.685129,1.378202,1.378529,28.725308,2.978237,3.122339,60.738832,5.412758,5.727377
83,0.0219873520,0.0039019603,0.0039017431,0.0187462245,0.0019219470,0.0020138238,0.0184090909,0.0016221049,0.0017152659,7.755048,1.376241,1.376164,29.015285,2.974777,3.116983,61.363636,5.407016,5.717553
84,0.0221849106,0.0038963964,0.0038950620,0.0189329317,0.0019196956,0.0020103755,0.0185958904,0.0016203646,0.0017123288,7.824728,1.374278,1.373808,29.304269,2.971292,3.111646,61.986301,5.401215,5.707763
85,0.0223817938,0.0038908268,0.0038884038,0.0191190006,0.0019174290,0.0020069389,0.0187820513,0.0016186074,0.0017094017,7.894170,1.372314,1.371459,29.592266,2.967784,3.106327,62.606838,5.395358,5.698006
86,0.0225780050,0.0038852525,0.0038817683,0.0193044344,0.0019151481,0.0020035141,0.0189675768,0.0016168342,0.0017064846,7.963375,1.370348,1.369119,29.879279,2.964254,3.101026,63.225256,5.389447,5.688282
87,0.0227735477,0.0038796742,0.0038751554,0.0194892365,0.0019128536,0.0020001010,0.0191524702,0.0016150457,0.0017035775,8.032344,1.368380,1.366787,30.165314,2.960702,3.095743,63.841567,5.383486,5.678592
88,0.0229684253,0.0038740927,0.0038685650,0.0196734099,0.0019105462,0.0019966994,0.0193367347,0.0016132427,0.0017006803,8.101078,1.366412,1.364462,30.450377,2.957131,3.090478,64.455782,5.377476,5.668934
89,0.0231626412,0.0038685087,0.0038619970,0.0198569580,0.0019082267,0.0019933095,0.0195203735,0.0016114260,0.0016977929,8.169579,1.364442,1.362146,30.734471,2.953541,3.085232,65.067912,5.371420,5.659310
90,0.0233561987,0.0038629229,0.0038554512,0.0200398839,0.0019058958,0.0019899310,0.0197033898,0.0016095961,0.0016949153,8.237847,1.362472,1.359837,31.017603,2.949933,3.080002,65.677966,5.365320,5.649718
91,0.0235491012,0.0038573360,0.0038489276,0.0202221908,0.0019035541,0.0019865639,0.0198857868,0.0016077538,0.0016920474,8.305885,1.360502,1.357536,31.299776,2.946309,3.074791,66.285956,5.359179,5.640158
92,0.0237413520,0.0038517485,0.0038424261,0.0204038817,0.0019012023,0.0019832082,0.0200675676,0.0016058997,0.0016891892,8.373693,1.358531,1.355243,31.580996,2.942669,3.069597,66.891892,5.352999,5.630631
93,0.0239329544,0.0038461611,0.0038359464,0.0205849599,0.0018988409,0.0019798639,0.0202487352,0.0016040345,0.0016863406,8.441272,1.356560,1.352957,31.861268,2.939014,3.064420,67.495784,5.346782,5.621135
94,0.0241239117,0.0038405743,0.0038294886,0.0207654284,0.0018964705,0.0019765308,0.0204292929,0.0016021586,0.0016835017,8.508624,1.354590,1.350680,32.140596,2.935345,3.059262,68.097643,5.340529,5.611672
95,0.0243142271,0.0038349886,0.0038230525,0.0209452902,0.0018940917,0.0019732089,0.0206092437,0.0016002727,0.0016806723,8.575749,1.352620,1.348410,32.418985,2.931663,3.054120,68.697479,5.334242,5.602241
96,0.0245039039,0.0038294047,0.0038166380,0.0211245485,0.0018917051,0.0019698981,0.0207885906,0.0015983772,0.0016778523,8.642649,1.350650,1.346147,32.696440,2.927969,3.048996,69.295302,5.327924,5.592841
97,0.0246929452,0.0038238229,0.0038102449,0.0213032063,0.0018893110,0.0019665984,0.0209673367,0.0015964728,0.0016750419,8.709325,1.348681,1.343892,32.972965,2.924263,3.043888,69.891122,5.321576,5.583473
98,0.0248813520,0.0038182437,0.0038038733,0.0214812665,0.0018869100,0.0019633098,0.0211454849,0.0015945598,0.0016722408,8.775777,1.346714,1.341645,33.248566,2.920547,3.038798,70.484950,5.315199,5.574136
99,0.0250691320,0.0038126676,0.0037975229,0.0216587322,0.0018845026,0.0019600322,0.0213230384,0.0015926388,0.0016694491,8.842008,1.344747,1.339405,33.523246,2.916821,3.033725,71.076795,5.308796,5.564830
100,0.0252562861,0.0038070950,0.0037911937,0.0218356064,0.0018820891,0.0019567655,0.0215000000,0.0015907102,0.0016666667,8.908018,1.342781,1.337173,33.797011,2.913085,3.028669,71.666667,5.302367,5.555556
