fichier,n,m,alpha,k,type_cible,page_cible,rank_initial,pagerank_initial,type_attaque,pagerank_apres,augmentation,ratio,iterations
Petites matrices\wb-cs-stanford.txt,9914,36854,0.850000,1,forte,2264,1,0.007490030526205,isoles,0.007512798307808,0.000022767781603,1.003040,106
Petites matrices\wb-cs-stanford.txt,9914,36854,0.850000,1,forte,2264,1,0.007490030526205,complet,0.007512798307808,0.000022767781603,1.003040,106
Petites matrices\wb-cs-stanford.txt,9914,36854,0.850000,1,forte,2264,1,0.007490030526205,anneau,0.009050166744139,0.001560136217934,1.208295,106
Petites matrices\wb-cs-stanford.txt,9914,36854,0.850000,1,moyenne,6220,4958,0.000055973320235,isoles,0.000076741921175,0.000020768600940,1.371045,106
Petites matrices\wb-cs-stanford.txt,9914,36854,0.850000,1,moyenne,6220,4958,0.000055973320235,complet,0.000076741921175,0.000020768600940,1.371045,106
Petites matrices\wb-cs-stanford.txt,9914,36854,0.850000,1,moyenne,6220,4958,0.000055973320235,anneau,0.000276427253826,0.000220453933591,4.938554,106
Petites matrices\wb-cs-stanford.txt,9914,36854,0.850000,1,faible,9913,9914,0.000024437729914,isoles,0.000045207756508,0.000020770026593,1.849916,106
Petites matrices\wb-cs-stanford.txt,9914,36854,0.850000,1,faible,9913,9914,0.000024437729914,complet,0.000045207756508,0.000020770026593,1.849916,106
Petites matrices\wb-cs-stanford.txt,9914,36854,0.850000,1,faible,9913,9914,0.000024437729914,anneau,0.000162869110845,0.000138431380931,6.664658,106
